{
  "project_info": {
    "project_number": "556062789365",
    "firebase_url": "https://bdvictorrueda.firebaseio.com",
    "project_id": "bdvictorrueda",
    "storage_bucket": "bdvictorrueda.appspot.com"
  },
  "client": [
    {
      "client_info": {
        "mobilesdk_app_id": "1:556062789365:android:1276f4fa7c8c8c3d",
        "android_client_info": {
          "package_name": "com.victor.juegorpg"
        }
      },
      "oauth_client": [
        {
          "client_id": "556062789365-l8ntbrt94ku590oaflmju0lb6bnhiikb.apps.googleusercontent.com",
          "client_type": 3
        }
      ],
      "api_key": [
        {
          "current_key": "AIzaSyCg4R5AY30KfeLpLrDc8WztRJkIO96z33I"
        }
      ],
      "services": {
        "analytics_service": {
          "status": 1
        },
        "appinvite_service": {
          "status": 1,
          "other_platform_oauth_client": []
        },
        "ads_service": {
          "status": 2
        }
      }
    }
  ],
  "configuration_version": "1"
}