{
  "project_info": {
    "project_number": "239891223401",
    "firebase_url": "https://ejerciciodaovictor.firebaseio.com",
    "project_id": "ejerciciodaovictor",
    "storage_bucket": "ejerciciodaovictor.appspot.com"
  },
  "client": [
    {
      "client_info": {
        "mobilesdk_app_id": "1:239891223401:android:388bd63c702c17df",
        "android_client_info": {
          "package_name": "com.victor.ejerciciodaovictor"
        }
      },
      "oauth_client": [
        {
          "client_id": "239891223401-uv05hdm5n7q31k7p5ubo446lmqlko7j1.apps.googleusercontent.com",
          "client_type": 3
        }
      ],
      "api_key": [
        {
          "current_key": "AIzaSyD8DydLiMUGlIjCBwOwit2v9hGw_R8LciE"
        }
      ],
      "services": {
        "analytics_service": {
          "status": 1
        },
        "appinvite_service": {
          "status": 1,
          "other_platform_oauth_client": []
        },
        "ads_service": {
          "status": 2
        }
      }
    }
  ],
  "configuration_version": "1"
}